trial_id,participant_id,age,gender,height_cm,weight_kg,surface,shoes,false_start,total_time_sec,performance_band,timestamp_ms,acc_x,acc_y,acc_z,gyro_x,gyro_y,gyro_z
18,118,25,F,180,82,outdoor,no,0,13.63,low,0,0.0943309327427722,1.0668811947082115,0.0037292616264522553,-0.0026463112146491,0.29423241886226376,0.010374538211120918
18,118,25,F,180,82,outdoor,no,0,13.63,low,33,0.0684467078432476,-0.9492959020230196,0.4771749339549774,0.18453486169827116,-0.03565022464830772,0.017436794597193536
18,118,25,F,180,82,outdoor,no,0,13.63,low,66,0.4873667270881074,0.7916149161086461,-0.1287970858241062,-0.19256888483126286,-0.29541260050408513,-0.046147139764362397
18,118,25,F,180,82,outdoor,no,0,13.63,low,99,-0.35673931523300295,-0.8832501796119903,-0.44483015983207197,0.1370475742971117,0.10907295928422511,0.054853700005625255
18,118,25,F,180,82,outdoor,no,0,13.63,low,132,0.5786753735727693,0.7909511640837229,0.14637747927258488,0.05771372398539701,0.3277569210731499,-0.06058199216701301
18,118,25,F,180,82,outdoor,no,0,13.63,low,165,-0.8422409870703984,-0.6561086933059123,0.4484958235638426,-0.1549358413674356,-0.13874400513676557,0.08199863423261035
18,118,25,F,180,82,outdoor,no,0,13.63,low,198,0.7175349627801415,0.5838915238906194,-0.253933577288076,0.21966417367219168,-0.25638465758746054,-0.0929558273953064
18,118,25,F,180,82,outdoor,no,0,13.63,low,231,-0.8423551058235924,-0.4696560491958045,-0.3150975956244085,-0.09658609042687455,0.1884961251072051,0.12305323557340545
18,118,25,F,180,82,outdoor,no,0,13.63,low,264,0.9837281618956562,0.45453203299406353,0.27542322471402925,-0.05304964177120449,0.22877371037750968,-0.11549887266106156
18,118,25,F,180,82,outdoor,no,0,13.63,low,297,-0.9826212639189491,-0.08384360418561682,0.4132784727334122,0.2257293935244813,-0.17820576071283145,0.10089973430851285
18,118,25,F,180,82,outdoor,no,0,13.63,low,330,1.0909197277038458,-0.009212535155813977,-0.3327808582578154,-0.19345590459064416,-0.13931360741274618,-0.0918025297000772
18,118,25,F,180,82,outdoor,no,0,13.63,low,363,-0.8683062758994803,0.05898726148706088,-0.4330911459296173,0.04794934449702586,0.19533229386203307,0.10329335914133464
18,118,25,F,180,82,outdoor,no,0,13.63,low,396,1.0628631529678085,-0.31206844571687314,0.5174991616341913,0.09697860446393948,0.1887558945309761,-0.0882167854267804
18,118,25,F,180,82,outdoor,no,0,13.63,low,429,-0.8094039682859513,0.38397607100538694,0.1649199514672977,-0.15348096209393405,-0.2873692741139002,0.08521601292485921
18,118,25,F,180,82,outdoor,no,0,13.63,low,462,0.8496845418380367,-0.768011661631768,-0.49264751039375176,0.13834282952854082,-0.1524601523952404,-0.058326256675426576
18,118,25,F,180,82,outdoor,no,0,13.63,low,495,-0.7455412671321453,0.6803865394845896,-0.21213113126478367,-0.016263448648391902,0.2640241113329591,0.054848708833209095
18,118,25,F,180,82,outdoor,no,0,13.63,low,528,0.5790065588289289,-0.8557947473021638,0.44088076053208536,-0.12488347699768405,0.10295506523862816,-0.0362971459581385
18,118,25,F,180,82,outdoor,no,0,13.63,low,561,-0.3978073239961006,1.0039974330586856,0.09977735984463348,0.18901462089935026,-0.23169758261936652,0.028676005475015986
18,118,25,F,180,82,outdoor,no,0,13.63,low,594,0.28086425135775445,-0.8608184760114882,-0.5333444221334179,-0.15458274464202781,-0.06129794695629756,-0.005076040107356389
18,118,25,F,180,82,outdoor,no,0,13.63,low,627,-0.29053098200629457,1.058239585501609,0.03489240395268419,-0.03482978747222952,0.3296099513776587,0.00149987229393477
18,118,25,F,180,82,outdoor,no,0,13.63,low,660,0.005508017146225841,-1.0084308713359706,0.5295004998579161,0.1545815988393163,-0.031036690278037436,0.03859506589073698
18,118,25,F,180,82,outdoor,no,0,13.63,low,693,0.1781390939748786,0.9755323232155342,-0.0772107423435254,-0.20729285787109458,-0.31189977629984716,-0.04762404299392593
18,118,25,F,180,82,outdoor,no,0,13.63,low,726,-0.3504725623638233,-0.8860927242516579,-0.5344818591113146,0.13417249868707887,0.09063596688255812,0.052008835565744364
18,118,25,F,180,82,outdoor,no,0,13.63,low,759,0.5383500615413177,0.9410557854992778,0.09588568845071446,0.0441887478724186,0.31931357211245237,-0.06435306873755611
18,118,25,F,180,82,outdoor,no,0,13.63,low,792,-0.5579541163400942,-0.7542343530659007,0.42774577097940414,-0.18973812447889982,-0.10959370900357474,0.08372144167427689
18,118,25,F,180,82,outdoor,no,0,13.63,low,825,0.849556122124263,0.7341068454645654,-0.2589289851149719,0.1943937200352937,-0.2933879158734554,-0.09713282714947287
18,118,25,F,180,82,outdoor,no,0,13.63,low,858,-0.7696913731466295,-0.5662992895134399,-0.3947482719671911,-0.0664675342819474,0.15484716682765215,0.09207020944558267
18,118,25,F,180,82,outdoor,no,0,13.63,low,891,0.8683091241254806,0.39354733017556026,0.24934042389856523,-0.15286497475517868,0.23331979224015062,-0.09320302489623981
18,118,25,F,180,82,outdoor,no,0,13.63,low,924,-0.8295447234998089,-0.4954912673034857,0.41873107479198424,0.17497291994243264,-0.1952135626822256,0.09492544308428918
18,118,25,F,180,82,outdoor,no,0,13.63,low,957,1.1433604466107758,0.08429165807214842,-0.32873123485330136,-0.18016690377501188,-0.23637244375623884,-0.08208216470059938
18,118,25,F,180,82,outdoor,no,0,13.63,low,990,-1.001307081657939,-0.03244036413695371,-0.27396341053392537,0.016554908358152595,0.21096577537367764,0.08069256360164209
18,118,25,F,180,82,outdoor,no,0,13.63,low,1023,1.105330668566683,-0.1871950773967221,0.4315710353504694,0.1397484769552756,0.17259938580803252,-0.08714756831534777
18,118,25,F,180,82,outdoor,no,0,13.63,low,1056,-0.9207324314332704,0.2814973355840285,0.3033202463007776,-0.22905980453725786,-0.29543691271946027,0.06188876781157145
18,118,25,F,180,82,outdoor,no,0,13.63,low,1089,0.9852280767224487,-0.4788519387013074,-0.3171730482289248,0.16884598890233643,-0.10454538132584229,-0.07034442254676009
18,118,25,F,180,82,outdoor,no,0,13.63,low,1122,-0.6493112726694144,0.43723455125986077,-0.25214011843997414,-0.04234628225624695,0.2949354845360434,0.03544805455393234
18,118,25,F,180,82,outdoor,no,0,13.63,low,1155,0.610203714204463,-0.835571517114881,0.45687441861569633,-0.1461570316193532,0.10571556334184354,-0.03247559568267346
18,118,25,F,180,82,outdoor,no,0,13.63,low,1188,-0.40847292818020065,0.7646622331508306,0.17575699808977135,0.23043315893745153,-0.3096073729363936,0.006366965760960924
18,118,25,F,180,82,outdoor,no,0,13.63,low,1221,0.4142167182715202,-1.0172187799577619,-0.44668844711621997,-0.1324538461774195,-0.026758101143350317,-0.015078219540022371
18,118,25,F,180,82,outdoor,no,0,13.63,low,1254,-0.22167471451226609,1.2772218562215936,-0.10967104584044025,-0.036241225392376765,0.3114238441077666,-0.035446178408070586
18,118,25,F,180,82,outdoor,no,0,13.63,low,1287,0.2163001230830771,-1.197388602204241,0.49761143899623544,0.1905745885954148,-0.0036737947917376973,0.04156143053132776
18,118,25,F,180,82,outdoor,no,0,13.63,low,1320,0.027341378250514498,1.0661302417958198,-0.012165062280778445,-0.1723896701143141,-0.28466934457007786,-0.061869815843974316
18,118,25,F,180,82,outdoor,no,0,13.63,low,1353,-0.11073279852799787,-0.8781125500001331,-0.38067743539703325,0.09523440939901408,0.03408990609953412,0.07873147064109963
18,118,25,F,180,82,outdoor,no,0,13.63,low,1386,0.3782371862097676,0.8882066099484056,0.12507125708034084,0.06856774778554652,0.2989123608449181,-0.08220003954137825
18,118,25,F,180,82,outdoor,no,0,13.63,low,1419,-0.5495206592200252,-0.8304482634607468,0.5366924131643825,-0.19032030722631732,-0.052471656160091286,0.09483045034675108
18,118,25,F,180,82,outdoor,no,0,13.63,low,1452,0.698360430972594,0.8343640027169738,-0.1877557875936122,0.1512520697128448,-0.26745658169577574,-0.09913777278335133
18,118,25,F,180,82,outdoor,no,0,13.63,low,1485,-0.6228103176615531,-0.650055993130944,-0.4935414402392137,-0.07527601416099082,0.14864984155689948,0.10828051253383278
18,118,25,F,180,82,outdoor,no,0,13.63,low,1518,0.8539392959979507,0.360753184291702,0.21930410424492014,-0.1045234095172676,0.31800388710579863,-0.12325924541230879
18,118,25,F,180,82,outdoor,no,0,13.63,low,1551,-1.0189469112045992,-0.3568307047402504,0.4453550471396771,0.20205495707098467,-0.14714474397713562,0.09885121632260922
18,118,25,F,180,82,outdoor,no,0,13.63,low,1584,0.9365857790299961,0.3449335328768862,-0.232870613669133,-0.1082190789572022,-0.166421710909337,-0.07747057154172021
18,118,25,F,180,82,outdoor,no,0,13.63,low,1617,-1.0664406145294199,0.11447009644603476,-0.440564065816503,0.03412115853165901,0.2379781627782082,0.07046821044718414
18,118,25,F,180,82,outdoor,no,0,13.63,low,1650,1.2253106730768968,-0.20419255030103975,0.46413696696821916,0.12772114758607803,0.19760281808339716,-0.06728399411125674
18,118,25,F,180,82,outdoor,no,0,13.63,low,1683,-1.0622449967175551,0.20567467516760546,0.3559853366442335,-0.1897920543822003,-0.2800032181967607,0.06629423723898399
18,118,25,F,180,82,outdoor,no,0,13.63,low,1716,0.6999859111032534,-0.37672750018688494,-0.36435869802265286,0.09950352389647663,-0.13172699789954895,-0.062389326328157045
18,118,25,F,180,82,outdoor,no,0,13.63,low,1749,-0.8953692167422926,0.5055516952369803,-0.19938222021656782,0.020085878433574327,0.22239247812426294,0.035920227026098935
18,118,25,F,180,82,outdoor,no,0,13.63,low,1782,0.7834680968459469,-0.8115767106861054,0.43304395723146893,-0.14587418352050097,0.13118692885436867,-0.012401124653696865
18,118,25,F,180,82,outdoor,no,0,13.63,low,1815,-0.6503401197250591,0.8670091854964586,0.16796179478017936,0.2104706611996341,-0.2594961222603118,-0.0021938851012500474
18,118,25,F,180,82,outdoor,no,0,13.63,low,1848,0.544050410143742,-0.7507663935959966,-0.44691953730726036,-0.1066627555060698,-0.11422175218361666,0.029750582323372972
18,118,25,F,180,82,outdoor,no,0,13.63,low,1881,-0.5132981016006343,0.9604420570434461,-0.11074014534970597,-0.043276836926524356,0.27525699070628096,-0.024822921280305846
18,118,25,F,180,82,outdoor,no,0,13.63,low,1914,0.24109899351631753,-1.0145588977297855,0.508193890244166,0.1736287025739841,0.003567801753971457,0.0584949782565823
18,118,25,F,180,82,outdoor,no,0,13.63,low,1947,-0.17771616263496054,0.9753479150399288,-0.013504551099319043,-0.17860323261505442,-0.2378279952370249,-0.050342038384837376
18,118,25,F,180,82,outdoor,no,0,13.63,low,1980,0.01094832111738471,-1.0254657400862146,-0.46096217270759865,0.05347967679284599,0.03397923407102967,0.0683649587525188
18,118,25,F,180,82,outdoor,no,0,13.63,low,2013,0.12150330561812282,0.8327130810455955,0.05233408702109766,0.06651120436496037,0.2761689802430931,-0.09159193686948679
18,118,25,F,180,82,outdoor,no,0,13.63,low,2046,-0.39480031125864745,-0.8523379762946528,0.46996833351565936,-0.16707393653730895,-0.10528821805230784,0.08711123514637097
18,118,25,F,180,82,outdoor,no,0,13.63,low,2079,0.4473902968400078,0.8523503848092269,-0.17822840272807233,0.1663733108957209,-0.3146786357613211,-0.10339952198628363
18,118,25,F,180,82,outdoor,no,0,13.63,low,2112,-0.5590811843526973,-0.6875412185922612,-0.5017891359753819,-0.027973959760982534,0.08589344545458596,0.09507142027523362
18,118,25,F,180,82,outdoor,no,0,13.63,low,2145,0.7184024500658324,0.6694094799957657,0.14507377289834805,-0.13616599994783982,0.2553055146267355,-0.10011313790664401
18,118,25,F,180,82,outdoor,no,0,13.63,low,2178,-0.9623776631177478,-0.6152700154810359,0.45628989901637873,0.1766131684550797,-0.12401761962125832,0.09076576182535442
18,118,25,F,180,82,outdoor,no,0,13.63,low,2211,1.0332653518666808,0.28051091033597253,-0.30985251105091055,-0.15874629624892658,-0.2908941687047663,-0.09858006640063888
18,118,25,F,180,82,outdoor,no,0,13.63,low,2244,-1.1743470160685259,-0.09063735366110523,-0.39295377145371035,0.008570872647363371,0.21972826284483418,0.0861503725499047
18,118,25,F,180,82,outdoor,no,0,13.63,low,2277,1.067074563990268,0.12139278430323455,0.40255041097772937,0.10649488916266844,0.16476553484094222,-0.0751808945438153
18,118,25,F,180,82,outdoor,no,0,13.63,low,2310,-0.9619971057601522,0.0547909801990602,0.3307550334525154,-0.1950080244327396,-0.2240069873758491,0.06842845137010405
18,118,25,F,180,82,outdoor,no,0,13.63,low,2343,1.2208280073460027,-0.19267074918155488,-0.40296554008489804,0.13420866696541095,-0.20475410181977127,-0.029329656636346832
18,118,25,F,180,82,outdoor,no,0,13.63,low,2376,-0.8521512188993378,0.311244784277598,-0.276765219536042,0.019030265366912807,0.2806911957749633,0.009230601645863068
18,118,25,F,180,82,outdoor,no,0,13.63,low,2409,0.8929515297463508,-0.4295144621394861,0.45310793957219125,-0.16517325036238747,0.18738760510565503,-0.004208643245147202
18,118,25,F,180,82,outdoor,no,0,13.63,low,2442,-0.8326154237681467,0.5285576832535431,0.18145937746735236,0.19566037466141242,-0.24940414793134616,-0.027268904498286915
18,118,25,F,180,82,outdoor,no,0,13.63,low,2475,0.6113656577445666,-0.7542225999422113,-0.42828747791020016,-0.10655724621118155,-0.08759082229551272,0.042587794788024685
18,118,25,F,180,82,outdoor,no,0,13.63,low,2508,-0.47708456652640646,0.8504578001827732,-0.12382655377395159,-0.07511765392636602,0.28157038248661476,-0.04565406338931258
18,118,25,F,180,82,outdoor,no,0,13.63,low,2541,0.5028955686175689,-0.9313858020291896,0.46436996133313285,0.1861823830694099,0.09527548479583288,0.05988763422178911
18,118,25,F,180,82,outdoor,no,0,13.63,low,2574,-0.28595286094777506,1.0430211889738978,0.03540077056717013,-0.19648829162040382,-0.32835727796028563,-0.07075827103656752
18,118,25,F,180,82,outdoor,no,0,13.63,low,2607,-0.13166494910857948,-0.8985330164319264,-0.4426806010381199,0.047853103282314575,0.005586504372877768,0.081847734210361
18,118,25,F,180,82,outdoor,no,0,13.63,low,2640,0.11324762478169503,0.9531492815212591,-0.0063294683958676524,0.104744436597753,0.33211532528395393,-0.09831087705424289
18,118,25,F,180,82,outdoor,no,0,13.63,low,2673,-0.4208852891222893,-1.164333143088061,0.5166292428063032,-0.19083877302402183,-0.01209372660272304,0.09621513132543237
18,118,25,F,180,82,outdoor,no,0,13.63,low,2706,0.4914754358675225,0.7401708031110459,-0.08107304960428818,0.19744908712761083,-0.27745090865505434,-0.08723554744635591
18,118,25,F,180,82,outdoor,no,0,13.63,low,2739,-0.3975863732822808,-0.8738765424887361,-0.5327710674718745,-0.03790730573563958,0.10103978233547918,0.09388321237823913
18,118,25,F,180,82,outdoor,no,0,13.63,low,2772,0.7772589789873479,0.7419995199361143,0.10843839629106468,-0.10760209442725609,0.30647278701838915,-0.08225971596362713
18,118,25,F,180,82,outdoor,no,0,13.63,low,2805,-0.832592097620416,-0.5854449968209355,0.4342677319961129,0.18205004882513498,-0.13423980668212648,0.0854018025552241
18,118,25,F,180,82,outdoor,no,0,13.63,low,2838,1.032758964050574,0.5109146420224928,-0.21177099969595217,-0.13485785554152815,-0.21629396380136462,-0.07960196555264971
18,118,25,F,180,82,outdoor,no,0,13.63,low,2871,-1.0141821608861856,-0.2592213909656257,-0.48406483793461536,2.3611012454346353e-05,0.23296293326206416,0.08989618214752439
18,118,25,F,180,82,outdoor,no,0,13.63,low,2904,0.8823309859850721,0.3762040409158688,0.2733851491746876,0.16835392972791566,0.17653986297768232,-0.051461994877560834
18,118,25,F,180,82,outdoor,no,0,13.63,low,2937,-0.8562849763909839,-0.029280735043635785,0.39399018067946434,-0.24370535742356608,-0.21978291647623616,0.04579093519530385
18,118,25,F,180,82,outdoor,no,0,13.63,low,2970,0.9573175526892582,-0.08312334540960906,-0.42746459427762257,0.12708126744199422,-0.23255864806214874,-0.019618951787444973
18,118,25,F,180,82,outdoor,no,0,13.63,low,3003,-0.9457263583265377,0.1978166839692208,-0.2500311439884498,0.061104347432239386,0.21989263100435208,0.01927799883889588
18,118,25,F,180,82,outdoor,no,0,13.63,low,3036,1.0077801858877993,-0.4171096232817284,0.5542391282577077,-0.1901121385631651,0.16490826412410395,-0.0005197800199276004
18,118,25,F,180,82,outdoor,no,0,13.63,low,3069,-0.9382550474719513,0.580961189910024,0.1936756295813769,0.18391397102198298,-0.25084563372777907,-0.01977209580103054
18,118,25,F,180,82,outdoor,no,0,13.63,low,3102,0.6761204374247619,-0.6685221540169362,-0.38516314244322,-0.06379739717294383,-0.12421702658335357,0.04351514839933103
18,118,25,F,180,82,outdoor,no,0,13.63,low,3135,-0.6713047586517393,0.7153734791628154,-0.14545198930858624,-0.0773341854093969,0.3029185808772971,-0.07757733711077766
18,118,25,F,180,82,outdoor,no,0,13.63,low,3168,0.45687092132997836,-0.8606772696524543,0.4448078935566534,0.20332813945775777,0.052246675367426304,0.07172728782634918
18,118,25,F,180,82,outdoor,no,0,13.63,low,3201,-0.4068417800601509,0.9511073703459658,0.1648262094453128,-0.1844003708614965,-0.30775643880561465,-0.09045162213521424
18,118,25,F,180,82,outdoor,no,0,13.63,low,3234,0.22019635454818315,-0.9514328802489229,-0.47754596676133243,0.03660891082553256,-0.008189306362609866,0.09061100933736373
18,118,25,F,180,82,outdoor,no,0,13.63,low,3267,0.010293104885761399,0.9596165214042529,0.05309724734936162,0.1035782402741919,0.29005409744162175,-0.08595033462768926
18,118,25,F,180,82,outdoor,no,0,13.63,low,3300,-0.1322591430085204,-0.9901084656213449,0.6161824541774197,-0.18381119882280209,-0.05857221558718913,0.08994609869413203
18,118,25,F,180,82,outdoor,no,0,13.63,low,3333,0.3099668303133809,1.1756176398820948,-0.07791421760101348,0.1429934302957529,-0.22987368840888805,-0.10105187304416062
18,118,25,F,180,82,outdoor,no,0,13.63,low,3366,-0.5000609600236673,-0.895174435699155,-0.45978827165192143,0.008619152423168037,0.09501787232164473,0.09325080408556476
18,118,25,F,180,82,outdoor,no,0,13.63,low,3399,0.573336007109022,0.9278934236946078,0.09389942663711767,-0.1580056672574226,0.2911361967172327,-0.08087760294876048
18,118,25,F,180,82,outdoor,no,0,13.63,low,3432,-0.8620583219578591,-0.5778644390117397,0.4404777302475892,0.20087091708743535,-0.08539774087078063,0.07885971013900674
18,118,25,F,180,82,outdoor,no,0,13.63,low,3465,0.8975054435057388,0.456734962237651,-0.22712371493117903,-0.12445246514381891,-0.2559749371535661,-0.07177842502806314
18,118,25,F,180,82,outdoor,no,0,13.63,low,3498,-0.9395573941046353,-0.4884250350412356,-0.4178602779807842,-0.06091278171399141,0.1070089334073836,0.06768344749679497
18,118,25,F,180,82,outdoor,no,0,13.63,low,3531,0.8945079297797681,0.30786145901200523,0.18440714937002867,0.1917997561791889,0.24861842725620747,-0.03938987677588689
18,118,25,F,180,82,outdoor,no,0,13.63,low,3564,-1.0789191122857846,0.03148097281299833,0.45984945668949334,-0.17902695739195568,-0.21497035013100632,0.02153506062819471
18,118,25,F,180,82,outdoor,no,0,13.63,low,3597,1.0139280161737199,0.20065723470852917,-0.31965695930934374,0.06386987164329322,-0.21005172677475747,-0.017087698125379327
18,118,25,F,180,82,outdoor,no,0,13.63,low,3630,-1.0427339962452677,0.00016339624145778053,-0.300981751047918,0.055748487525477966,0.23917469470037753,0.013450861551758876
18,118,25,F,180,82,outdoor,no,0,13.63,low,3663,1.0169695517310193,-0.400352809329682,0.5055115334975466,-0.19834377669633677,0.20607435223698467,0.01943985135553852
18,118,25,F,180,82,outdoor,no,0,13.63,low,3696,-0.9997638016245678,0.5690534587725649,0.3440869213000514,0.20542731965374456,-0.2847074913291083,-0.025747571645264658
18,118,25,F,180,82,outdoor,no,0,13.63,low,3729,0.8269561315235312,-0.6343107136145834,-0.4522685029645491,-0.03750735506039982,-0.16561250140659423,0.07202894243230983
18,118,25,F,180,82,outdoor,no,0,13.63,low,3762,-0.6685769466086978,0.767898710254936,-0.22114537011507604,-0.10085027245491587,0.2626089959865407,-0.0660109664696653
18,118,25,F,180,82,outdoor,no,0,13.63,low,3795,0.671020535393056,-0.8283216181773547,0.506335866685482,0.16493993601386342,0.13725713461902886,0.08561440553593712
18,118,25,F,180,82,outdoor,no,0,13.63,low,3828,-0.39004579069019846,0.7824930588569345,0.195045665916404,-0.15054858402959712,-0.30250721241376727,-0.0774623535307469
18,118,25,F,180,82,outdoor,no,0,13.63,low,3861,0.21997100883573414,-0.8200711216457315,-0.5012075868595983,0.02196024790776187,-0.031140272256695363,0.0805557986681831
18,118,25,F,180,82,outdoor,no,0,13.63,low,3894,-0.15004191773655037,0.9149221647687547,0.005134950075008304,0.12774627367833308,0.29739469797816864,-0.09449843417296694
18,118,25,F,180,82,outdoor,no,0,13.63,low,3927,-0.011332757040279622,-1.0129650148748741,0.5853174272164384,-0.17356482239409274,-0.01199549529591463,0.11503278946906115
18,118,25,F,180,82,outdoor,no,0,13.63,low,3960,0.053882175581880076,0.8738774478432222,0.009622183411341148,0.13083635341408195,-0.2950153651230802,-0.1143253157300719
18,118,25,F,180,82,outdoor,no,0,13.63,low,3993,-0.31507662016593374,-1.0610097583128772,-0.5734512612482163,0.04194253085627799,0.07121524708952648,0.09305687642505141
18,118,25,F,180,82,outdoor,no,0,13.63,low,4026,0.31894727999885164,0.8946849482817024,0.05817518077387194,-0.1668749065232581,0.3117531322544752,-0.08593536774649806
18,118,25,F,180,82,outdoor,no,0,13.63,low,4059,-0.5692889794742194,-0.9004843660862792,0.574196320762127,0.17950811328941058,-0.12985716911298623,0.07641349501598965
18,118,25,F,180,82,outdoor,no,0,13.63,low,4092,0.8330260379914038,0.8524948606337273,-0.18759553978205828,-0.13031897989283178,-0.26667712279655625,-0.06746960502587729
18,118,25,F,180,82,outdoor,no,0,13.63,low,4125,-0.7143331441854708,-0.5116754515755386,-0.42798629806339,-0.05619968109164988,0.18629963481565842,0.040482546922035526
18,118,25,F,180,82,outdoor,no,0,13.63,low,4158,0.9347312816623259,0.5242161299092117,0.2918270043156903,0.17986082140732243,0.2641356575611205,-0.0323519820020911
18,118,25,F,180,82,outdoor,no,0,13.63,low,4191,-0.9287077099702182,-0.32731303098395026,0.4744040383293239,-0.2056394422004762,-0.14380679063596297,0.012301288060135404
18,118,25,F,180,82,outdoor,no,0,13.63,low,4224,0.978142536135421,0.1171804844584773,-0.3663066777353547,0.05420164903028832,-0.17464958184730342,-0.00993259114903415
18,118,25,F,180,82,outdoor,no,0,13.63,low,4257,-0.7838556262733015,0.058563778685602697,-0.37167275300096203,0.11253535057393257,0.2185516009751407,-0.03325207909547382
18,118,25,F,180,82,outdoor,no,0,13.63,low,4290,0.9637415788042696,-0.44215967439656756,0.3324436158127558,-0.1774837492643557,0.19119915317139297,0.016824964547114067
18,118,25,F,180,82,outdoor,no,0,13.63,low,4323,-1.0773832159694905,0.279468498270468,0.1872732122277288,0.20673268979501513,-0.23128791807290933,-0.032061286426513
18,118,25,F,180,82,outdoor,no,0,13.63,low,4356,0.9589039123198687,-0.6521573513304249,-0.4081750325699721,-0.06923154722552043,-0.11579979867940031,0.062015345998672804
18,118,25,F,180,82,outdoor,no,0,13.63,low,4389,-0.7512954661767791,0.6261851479547683,-0.2659311278253928,-0.08624912940383664,0.2638439170977013,-0.0664427956357104
18,118,25,F,180,82,outdoor,no,0,13.63,low,4422,0.5818106819483617,-0.8373460451030994,0.5120354448878728,0.1833880471589732,0.07751105281404,0.07539472584069688
18,118,25,F,180,82,outdoor,no,0,13.63,low,4455,-0.6094095643987869,0.8097505478984808,0.11889604289424657,-0.17420610148103594,-0.27553339666539284,-0.11166809125850642
18,118,25,F,180,82,outdoor,no,0,13.63,low,4488,0.44984437027575375,-0.9901590496427332,-0.5548552916472697,0.005152207226984144,-0.038754687404964405,0.09090319634399496
18,118,25,F,180,82,outdoor,no,0,13.63,low,4521,-0.34178400280489907,1.1011816290947265,-0.019371601027975117,0.11050630660369665,0.3088540153960411,-0.11899942436581362
18,118,25,F,180,82,outdoor,no,0,13.63,low,4554,0.22231294930316953,-0.7653290425723254,0.5250733840801153,-0.17749481473724515,0.032792793810090023,0.09230192135654566
18,118,25,F,180,82,outdoor,no,0,13.63,low,4587,-0.05033021422327752,1.0913127040837012,-0.01514506658757609,0.12408763529885683,-0.3011283628236367,-0.0843348385955046
18,118,25,F,180,82,outdoor,no,0,13.63,low,4620,-0.20995018443578478,-0.8854781696643409,-0.503313924372881,0.022530335175101557,0.020794619576938782,0.08857253225722804
18,118,25,F,180,82,outdoor,no,0,13.63,low,4653,0.295403826857178,0.9370548241136872,0.11568604246611391,-0.1499200140092897,0.33368925242137265,-0.0661582105064089
18,118,25,F,180,82,outdoor,no,0,13.63,low,4686,-0.4367305347862932,-0.9390997947302715,0.5693705070360683,0.18969701115418866,-0.12812796155809528,0.0750699411692392
18,118,25,F,180,82,outdoor,no,0,13.63,low,4719,0.677253620750032,0.5965980826963299,-0.14219634628762928,-0.08857735078155539,-0.28100902341064504,-0.04538689737937823
18,118,25,F,180,82,outdoor,no,0,13.63,low,4752,-0.6859052581815632,-0.6643894984303568,-0.4351182038130212,-0.059556304957925625,0.09004623288122608,0.0386526540990664
18,118,25,F,180,82,outdoor,no,0,13.63,low,4785,0.6446568330006834,0.5286420049467568,0.21200224867971323,0.1738238944311771,0.2638647382073292,-0.03883382914040235
18,118,25,F,180,82,outdoor,no,0,13.63,low,4818,-0.8907773144954121,-0.3984965184543571,0.4096332356175989,-0.20020771597877884,-0.15350659240883283,-0.0021450032080084867
18,118,25,F,180,82,outdoor,no,0,13.63,low,4851,1.0098629768487477,0.20148989729175285,-0.46727484413023457,0.052276398988289584,-0.22412621252186662,0.02137885629034425
18,118,25,F,180,82,outdoor,no,0,13.63,low,4884,-0.933863530221713,-0.2665270003715984,-0.420889137072122,0.07811836207944946,0.2035467098781124,-0.024208545996488823
18,118,25,F,180,82,outdoor,no,0,13.63,low,4917,0.9814224816569409,-0.15662517382379054,0.3074289141502471,-0.20517296108945374,0.24948318786101834,0.028355378506442666
18,118,25,F,180,82,outdoor,no,0,13.63,low,4950,-0.9778760211237709,0.3510094285664388,0.26205691163909883,0.1396739190130273,-0.22900208836477717,-0.050476889069006214
18,118,25,F,180,82,outdoor,no,0,13.63,low,4983,0.8798870371307833,-0.1564599176867721,-0.42988591874068804,-0.024853776135674733,-0.20287021520638907,0.054585916265673884
18,118,25,F,180,82,outdoor,no,0,13.63,low,5016,-0.7420171896388031,0.33621230287712023,-0.2654373122778705,-0.1525557398709528,0.29027698350666686,-0.07669469612250968
18,118,25,F,180,82,outdoor,no,0,13.63,low,5049,0.6469468631028268,-0.6914524014950054,0.3973567104180894,0.1931791408949696,0.14010336160673384,0.08746334449548433
18,118,25,F,180,82,outdoor,no,0,13.63,low,5082,-0.6276521962023385,0.565171399542056,0.24327092367564485,-0.11431182913464596,-0.3085968428427859,-0.08926035913335731
18,118,25,F,180,82,outdoor,no,0,13.63,low,5115,0.44817683406938097,-0.8305550771835671,-0.44920072832321456,-0.03313636883614353,-0.06380203122481455,0.09679082250628995
18,118,25,F,180,82,outdoor,no,0,13.63,low,5148,-0.4568084787465676,0.9213212994642332,-0.0942065751562531,0.1671870422481286,0.276622968795691,-0.09253763913509612
18,118,25,F,180,82,outdoor,no,0,13.63,low,5181,0.25584046445105096,-0.9772526192802341,0.5279670769815664,-0.23279917496374955,0.06736316991219742,0.08190676928730642
18,118,25,F,180,82,outdoor,no,0,13.63,low,5214,-0.30277457428632115,0.9441859813933552,-0.059878486989659516,0.09883513181781532,-0.33743799551977965,-0.08844529670274172
18,118,25,F,180,82,outdoor,no,0,13.63,low,5247,-0.19331745269958328,-0.9740235446997584,-0.5871942194730474,0.03806814596540653,0.00435182810059292,0.07922320579658344
18,118,25,F,180,82,outdoor,no,0,13.63,low,5280,0.050709681745190804,1.0426440459699324,0.11391912540977972,-0.177799363211356,0.3112149306587155,-0.0693458604199371
18,118,25,F,180,82,outdoor,no,0,13.63,low,5313,-0.31979984399029815,-0.8626416909654971,0.6105204039421687,0.1755071645044849,-0.08730892568905824,0.05727657306885415
18,118,25,F,180,82,outdoor,no,0,13.63,low,5346,0.6072419086658608,0.9851873145938778,-0.12804819124483596,-0.05512297960290103,-0.27386107069920496,-0.05479587936059602
18,118,25,F,180,82,outdoor,no,0,13.63,low,5379,-0.7943178242365991,-0.807644998506701,-0.35821321146289375,-0.09607156654814593,0.13211205498862816,0.0289546621269857
18,118,25,F,180,82,outdoor,no,0,13.63,low,5412,0.7308796567434078,0.6044038797117853,0.20532195247596274,0.21481553088169283,0.26744716936790686,-0.0008984162740877117
18,118,25,F,180,82,outdoor,no,0,13.63,low,5445,-0.8164251904047355,-0.4412549292633427,0.402822582317752,-0.21197969761562205,-0.13262629006910295,-0.009882033139830571
18,118,25,F,180,82,outdoor,no,0,13.63,low,5478,0.944981814015275,0.3404913723864513,-0.22560050339056434,0.03773048165238003,-0.2745625428951963,0.022848992758802263
18,118,25,F,180,82,outdoor,no,0,13.63,low,5511,-0.7681724524134662,-0.26828673724897023,-0.5023354900317697,0.12306932373621947,0.26992796546047293,-0.04397895093518015
18,118,25,F,180,82,outdoor,no,0,13.63,low,5544,1.0112115409673599,0.03621561453379958,0.30771826381562173,-0.21782611698680138,0.22175844890964247,0.0328995476001991
18,118,25,F,180,82,outdoor,no,0,13.63,low,5577,-1.0905425964646738,0.2370615435766114,0.30007814408075933,0.14794668334405237,-0.209211905773252,-0.06554966046689215
18,118,25,F,180,82,outdoor,no,0,13.63,low,5610,1.049511369588093,-0.1653115729598049,-0.4511091515299369,0.00945954100009527,-0.1949322186769559,0.11702324942170275
18,118,25,F,180,82,outdoor,no,0,13.63,low,5643,-0.7680030464896968,0.2612904580574831,-0.3044879931245173,-0.12593930201747588,0.22890577340258694,-0.10099505794501626
18,118,25,F,180,82,outdoor,no,0,13.63,low,5676,0.7262362034866758,-0.5164360351296797,0.4498818534481422,0.19345516845371719,0.17646714599271868,0.10415091916303695
18,118,25,F,180,82,outdoor,no,0,13.63,low,5709,-0.7108266482826524,0.6854566147912501,0.27624742579321365,-0.1294631129525708,-0.344275821188581,-0.12244052415446126
18,118,25,F,180,82,outdoor,no,0,13.63,low,5742,0.6557889788311151,-0.8697103058369808,-0.41661983299744365,-0.04859283218581106,-0.15919976478316886,0.09944048940958855
18,118,25,F,180,82,outdoor,no,0,13.63,low,5775,-0.6205724390435485,0.8863578744944588,-0.21619158224671065,0.17093915358507908,0.2982104097770064,-0.11224686231565144
18,118,25,F,180,82,outdoor,no,0,13.63,low,5808,0.32062503461880354,-0.9382246484541111,0.6047919490684317,-0.21113241926632695,0.04778146142525277,0.09808392920972735
18,118,25,F,180,82,outdoor,no,0,13.63,low,5841,-0.07487973102061446,0.8497092198079979,0.12123872651565931,0.10432856298295555,-0.27254803230967817,-0.0919663065822115
18,118,25,F,180,82,outdoor,no,0,13.63,low,5874,0.15501008263126503,-1.1316636351406901,-0.4975969605758933,0.039611489874769215,-0.02721007226258085,0.07070581904228082
18,118,25,F,180,82,outdoor,no,0,13.63,low,5907,0.12300995599624873,1.1336390684953426,0.08741197231454259,-0.18771716723096168,0.24961110731210623,-0.07581279606642499
18,118,25,F,180,82,outdoor,no,0,13.63,low,5940,-0.38590975366180746,-1.0554561063001247,0.4503694943185965,0.15152747404607322,-0.03775354638500828,0.028994186043473202
18,118,25,F,180,82,outdoor,no,0,13.63,low,5973,0.45444461516022144,1.0228740755754513,-0.056466375656873194,-0.05588208343732637,-0.3021368481866853,-0.03795032602853089
18,118,25,F,180,82,outdoor,no,0,13.63,low,6006,-0.41599607703791514,-0.7838096371982972,-0.5775461323650652,-0.08895108977168743,0.04982717031632382,0.01139396566364698
18,118,25,F,180,82,outdoor,no,0,13.63,low,6039,0.5184332587829628,0.6932731799686267,0.15942076703275004,0.20025823099762446,0.3046620542325563,-0.0056155937983421115
18,118,25,F,180,82,outdoor,no,0,13.63,low,6072,-0.7638394283043365,-0.5929265836385169,0.5213695199426767,-0.17177722266316867,-0.11607066405933787,-0.01906895939332435
18,118,25,F,180,82,outdoor,no,0,13.63,low,6105,0.9586407896290686,0.5467577812182317,-0.26940051683076416,0.032985147202132026,-0.29058745790416485,0.023878404644036996
18,118,25,F,180,82,outdoor,no,0,13.63,low,6138,-0.8408271493737511,-0.28152130151676735,-0.43487025784281963,0.07987999577068093,0.12209447591924028,-0.04678096161722858
18,118,25,F,180,82,outdoor,no,0,13.63,low,6171,1.0392450757335645,0.23859350250990596,0.28182371304479925,-0.20134505310623904,0.24506871106445208,0.060064984265510116
18,118,25,F,180,82,outdoor,no,0,13.63,low,6204,-0.9934779388190719,-0.09769632254808377,0.3549169432250257,0.11824711260050284,-0.23386631532947627,-0.06644177961629304
18,118,25,F,180,82,outdoor,no,0,13.63,low,6237,1.104164744445201,0.03865087554451503,-0.4203389217620041,0.028134945167489628,-0.23072905723074819,0.10874544934698446
18,118,25,F,180,82,outdoor,no,0,13.63,low,6270,-0.9522233361510598,0.3226960425926543,-0.22716983916568773,-0.21009764248852653,0.23386089389427217,-0.0904316098605385
18,118,25,F,180,82,outdoor,no,0,13.63,low,6303,0.972104140393001,-0.46355437011638245,0.35825876570688997,0.187323113973736,0.16584761244916557,0.10881929214757048
18,118,25,F,180,82,outdoor,no,0,13.63,low,6336,-0.8080679455164863,0.5212156480298604,0.25628474796350115,-0.11832239300614526,-0.24806300701614253,-0.09866187148713072
18,118,25,F,180,82,outdoor,no,0,13.63,low,6369,0.6405325059784519,-0.5350236666319799,-0.41392727837195986,-0.03644715299850305,-0.09107239984235667,0.10380148029983405
18,118,25,F,180,82,outdoor,no,0,13.63,low,6402,-0.7247593165457754,0.9243507633890378,-0.2046894584164463,0.16309298491126148,0.26866821567486215,-0.09872685523416887
18,118,25,F,180,82,outdoor,no,0,13.63,low,6435,0.3573053042918312,-0.8823953039725723,0.4099661185680671,-0.19100948583332267,0.09569382902876294,0.08795702077927288
18,118,25,F,180,82,outdoor,no,0,13.63,low,6468,-0.39806783683563146,0.9817727112867419,0.06260248129706177,0.07386624286625339,-0.30015951403910435,-0.08783526672132229
18,118,25,F,180,82,outdoor,no,0,13.63,low,6501,0.28933094861984326,-0.9420090955032593,-0.5170444706970357,0.08848536417107437,0.00391476922286952,0.08261570472701404
18,118,25,F,180,82,outdoor,no,0,13.63,low,6534,-0.017352388489158287,0.8886560656885247,0.033126612439773905,-0.1931814185597788,0.274454757656989,-0.04530458366080298
18,118,25,F,180,82,outdoor,no,0,13.63,low,6567,-0.11017945904997249,-0.9432875322131654,0.49188991679597105,0.17139021376259078,-0.00033556005856186233,0.04246565824865667
18,118,25,F,180,82,outdoor,no,0,13.63,low,6600,0.3983222944964956,0.749719657679113,-0.0660655546679784,-0.03697310469412609,-0.3221724711604379,-0.03392461535211709
18,118,25,F,180,82,outdoor,no,0,13.63,low,6633,-0.4416930823278699,-0.8204990306528968,-0.5590719924155553,-0.07282309507432644,0.035904287994554,0.004969569451465515
18,118,25,F,180,82,outdoor,no,0,13.63,low,6666,0.605886136508157,0.8872514714261868,0.13385003605898563,0.16327363391533106,0.273678531497986,0.02007538229821633
18,118,25,F,180,82,outdoor,no,0,13.63,low,6699,-0.7089446016153708,-1.0405327882972517,0.5379183692812645,-0.1637733360837031,-0.17165668594183753,-0.002771283854970663
18,118,25,F,180,82,outdoor,no,0,13.63,low,6732,0.6330716878597342,0.525773825803341,-0.16248459069694557,-0.0007211169377066522,-0.2405923489666614,0.044032613827835174
18,118,25,F,180,82,outdoor,no,0,13.63,low,6765,-0.9464243432728675,-0.6671144575039798,-0.4568596908398628,0.1699111177277808,0.12515729051110122,-0.04576562218350473
18,118,25,F,180,82,outdoor,no,0,13.63,low,6798,0.8597955381211028,0.24488196639072096,0.3271188586623397,-0.18009141972109668,0.23241591362204655,0.07280912765088736
18,118,25,F,180,82,outdoor,no,0,13.63,low,6831,-1.1229253980435012,-0.18177116828074238,0.3795087146579673,0.14145607502756646,-0.21932966072847668,-0.06928502077490382
18,118,25,F,180,82,outdoor,no,0,13.63,low,6864,0.9840644274041397,0.212213106847204,-0.32156332772156015,0.03582224864870018,-0.18762714772969474,0.06969567975591771
18,118,25,F,180,82,outdoor,no,0,13.63,low,6897,-1.0669680484911344,0.17181219581022805,-0.34636664072714074,-0.1451033846693625,0.232524450797237,-0.10510740605490695
18,118,25,F,180,82,outdoor,no,0,13.63,low,6930,1.1111308406038316,-0.3132076999466168,0.35092131450913633,0.1804394003056748,0.19712180258619422,0.10269332586313344
18,118,25,F,180,82,outdoor,no,0,13.63,low,6963,-0.9293548796686082,0.4951729786053776,0.21757960719634595,-0.07103440440692121,-0.24799539122989242,-0.1118656865373464
18,118,25,F,180,82,outdoor,no,0,13.63,low,6996,0.7440862817539179,-0.49904207952678614,-0.41538766324736476,-0.06825097817650791,-0.1354971092771228,0.1011524192876143
18,118,25,F,180,82,outdoor,no,0,13.63,low,7029,-0.8377215704502768,0.8292548891221562,-0.3308878211120803,0.19054962593151928,0.28529581725386416,-0.09087655264554327
18,118,25,F,180,82,outdoor,no,0,13.63,low,7062,0.49964277955864156,-0.7072473035222084,0.5263756757986,-0.20555710016212192,0.12545528544389192,0.06689854313809758
18,118,25,F,180,82,outdoor,no,0,13.63,low,7095,-0.391609134224278,0.8781702444548402,0.11166988659195899,0.01954995922745608,-0.3250976986620716,-0.09012039340401701
18,118,25,F,180,82,outdoor,no,0,13.63,low,7128,0.43143745118401966,-1.0928677956879511,-0.5248510183294072,0.09927514491564148,-0.06810304300961202,0.06265543347895941
18,118,25,F,180,82,outdoor,no,0,13.63,low,7161,-0.3818062953368056,1.118245197960868,0.004219128223553123,-0.19841464142020293,0.26720234382560215,-0.05617946093758804
18,118,25,F,180,82,outdoor,no,0,13.63,low,7194,0.2410173778598569,-1.0121063627170876,0.3616221671722998,0.137321458640116,0.021705285640771274,0.024206267523504972
18,118,25,F,180,82,outdoor,no,0,13.63,low,7227,0.14098790675529507,0.9022139690349613,-0.010291053762854233,-0.0001733319295383444,-0.28609219076082826,-0.005693606024498558
18,118,25,F,180,82,outdoor,no,0,13.63,low,7260,-0.1857382477609445,-1.156069818656247,-0.4126423570117843,-0.15103046455923333,0.06520234175069563,-0.0059438289567423485
18,118,25,F,180,82,outdoor,no,0,13.63,low,7293,0.35517496742662946,0.7852737435826168,0.04308584749677932,0.21150995312867205,0.2159145711356062,0.01787256508533282
18,118,25,F,180,82,outdoor,no,0,13.63,low,7326,-0.6704001256399736,-0.7800341593746072,0.45427962758254814,-0.14080070301443923,-0.10291383492290472,-0.053598902043871174
18,118,25,F,180,82,outdoor,no,0,13.63,low,7359,0.6693711506596952,0.6808323592013701,-0.16453254314042612,-0.002581463609530578,-0.34960058382725534,0.0686283566672625
18,118,25,F,180,82,outdoor,no,0,13.63,low,7392,-0.7615384964658628,-0.5020766718185108,-0.5259248549627367,0.13550500785556932,0.19249055231611006,-0.05920127619754256
18,118,25,F,180,82,outdoor,no,0,13.63,low,7425,0.9057940729890498,0.6296322466427087,0.27025744508200855,-0.2287384771145315,0.2608037760898569,0.0724605910465024
18,118,25,F,180,82,outdoor,no,0,13.63,low,7458,-0.8296653658530599,-0.53587762385868,0.5409401503475094,0.11627932483796692,-0.19914428555154062,-0.09726575180967251
18,118,25,F,180,82,outdoor,no,0,13.63,low,7491,0.8087691439504935,0.06725355983785697,-0.3059315535394048,0.07156094753807499,-0.23302890730120396,0.08935565974976015
18,118,25,F,180,82,outdoor,no,0,13.63,low,7524,-0.9092266190412692,0.0024268500635898933,-0.34086672655564004,-0.17262720587939356,0.21037122784327095,-0.10871636962381728
18,118,25,F,180,82,outdoor,no,0,13.63,low,7557,1.0406103517110494,0.0015921232912157468,0.3183631762267436,0.16891461109535574,0.25529616390343085,0.09700240000137296
18,118,25,F,180,82,outdoor,no,0,13.63,low,7590,-0.9225212313885175,0.21687010956738523,0.3621531110707107,-0.058952289423770926,-0.24769899083187852,-0.08691550469639689
18,118,25,F,180,82,outdoor,no,0,13.63,low,7623,0.7596596791262082,-0.42478548861140447,-0.5616183498954266,-0.07755769438313752,-0.15213445905260134,0.10342123382037137
18,118,25,F,180,82,outdoor,no,0,13.63,low,7656,-0.8924517298145966,0.47377907142874054,-0.23019095347635338,0.16946534346790373,0.24909112066277678,-0.07570935769031277
18,118,25,F,180,82,outdoor,no,0,13.63,low,7689,0.7742826558061594,-0.7121138858750333,0.5072685338755336,-0.1611950771021172,0.17875516047974913,0.06278413806105539
18,118,25,F,180,82,outdoor,no,0,13.63,low,7722,-0.8362055014544817,0.8207582152201319,0.03034181900705263,0.03984916333639727,-0.23798428277964168,-0.07385857214076795
18,118,25,F,180,82,outdoor,no,0,13.63,low,7755,0.26624697106920836,-0.9225286338093887,-0.5867727005985056,0.12241885020936849,-0.12903034706639582,0.05900200262057985
18,118,25,F,180,82,outdoor,no,0,13.63,low,7788,-0.26384356209053594,1.1145765065337327,-0.15229310040551497,-0.22678470404442122,0.3218973532910254,-0.02929629552743615
18,118,25,F,180,82,outdoor,no,0,13.63,low,7821,0.21216427536809673,-0.8687429162365565,0.5671133877193515,0.16443171079591676,0.036902973561950644,0.012892109128248841
18,118,25,F,180,82,outdoor,no,0,13.63,low,7854,-0.07267761538229486,0.9680809239632153,-0.03228406010160528,-0.011109780512780333,-0.3232756671600569,0.006949903213152602
18,118,25,F,180,82,outdoor,no,0,13.63,low,7887,-0.23435958611228005,-1.0132626960216584,-0.45356885306090117,-0.16058602804907823,-0.005787719301416996,-0.011864444708697073
18,118,25,F,180,82,outdoor,no,0,13.63,low,7920,0.408425645574054,1.0293718107201826,0.11608714696382441,0.20827359549070207,0.2352998579318378,0.018166612403018513
18,118,25,F,180,82,outdoor,no,0,13.63,low,7953,-0.3704840816836871,-0.8835900074633604,0.4028139760127135,-0.1251027713851452,-0.05160045740355063,-0.0716701729434391
18,118,25,F,180,82,outdoor,no,0,13.63,low,7986,0.5595785703905577,0.8060589213171085,-0.17567801405348446,-0.06520781266288046,-0.3257663022284762,0.06311551810106002
18,118,25,F,180,82,outdoor,no,0,13.63,low,8019,-0.8358968903082244,-0.7697910273242732,-0.472526268945709,0.2004944190916792,0.12527403520660857,-0.0971371227799576
18,118,25,F,180,82,outdoor,no,0,13.63,low,8052,0.962250708585315,0.6397069739634943,0.2547285960879858,-0.18787357408869515,0.23397835828815225,0.0965775900112618
18,118,25,F,180,82,outdoor,no,0,13.63,low,8085,-1.024700738233825,-0.5080252288590834,0.43624531850730014,0.08897455302011556,-0.19402884922989186,-0.08808047467387314
18,118,25,F,180,82,outdoor,no,0,13.63,low,8118,1.0224285578563286,0.23313315108115543,-0.29969035840241454,0.07137455782150622,-0.24009436064280232,0.09433331213465092
18,118,25,F,180,82,outdoor,no,0,13.63,low,8151,-0.8697152093366951,-0.11388858882815503,-0.31971810508444365,-0.1860908523015139,0.23392070663221712,-0.11228476475675862
18,118,25,F,180,82,outdoor,no,0,13.63,low,8184,0.9992124119964799,-0.0010636960982085414,0.41373325398647165,0.18108366155535088,0.1874971586576716,0.08960504157267796
18,118,25,F,180,82,outdoor,no,0,13.63,low,8217,-1.0438528546762378,0.17603143066880375,0.2491767554338304,-0.03217690062041336,-0.23149149438757857,-0.12535049043469523
18,118,25,F,180,82,outdoor,no,0,13.63,low,8250,0.7839963751576943,-0.5073462352368313,-0.42952938387908746,-0.07344153504011795,-0.1710859153449807,0.10233306559701046
18,118,25,F,180,82,outdoor,no,0,13.63,low,8283,-0.8759372009501332,0.49472378941886314,-0.25557984357274605,0.19074864761055302,0.2549141674749296,-0.07716658435066186
18,118,25,F,180,82,outdoor,no,0,13.63,low,8316,0.6505597213054621,-0.8049136301757862,0.4520280749866371,-0.14623948957743996,0.14275478281788576,0.06569619341092045
18,118,25,F,180,82,outdoor,no,0,13.63,low,8349,-0.660881930225415,0.8245499945295193,0.21384249241410386,0.03126663990718892,-0.277907149886423,-0.03555809048344951
18,118,25,F,180,82,outdoor,no,0,13.63,low,8382,0.3663821657079086,-0.877721349534439,-0.4586232997106907,0.1483248193440415,-0.1416476370575805,0.029254215129335154
18,118,25,F,180,82,outdoor,no,0,13.63,low,8415,-0.5997870017271508,0.9177176882332683,-0.08100361619512679,-0.17457026002023462,0.3316835840211683,-0.024442447334522208
18,118,25,F,180,82,outdoor,no,0,13.63,low,8448,0.2975909538762527,-1.0167899392753463,0.530466260366211,0.15198102304484734,0.05496044968301179,-0.0014980461318825442
18,118,25,F,180,82,outdoor,no,0,13.63,low,8481,-0.045683898473779086,1.0223384689561434,0.018333828837136603,0.026521677790465076,-0.30576283701570894,0.032482443865577276
18,118,25,F,180,82,outdoor,no,0,13.63,low,8514,-0.05681991902922885,-1.120101036867319,-0.5168103280907318,-0.17212641959243952,-0.025726431197725864,-0.0313531174560887
18,118,25,F,180,82,outdoor,no,0,13.63,low,8547,0.2907848529006002,1.1677063071807585,0.1163772958291767,0.20271185568087433,0.2877386764273677,0.04626383862950916
18,118,25,F,180,82,outdoor,no,0,13.63,low,8580,-0.3944882977146644,-1.0096717383231166,0.4677525392877636,-0.12644434459722254,-0.025303015274924137,-0.04285107976975537
18,118,25,F,180,82,outdoor,no,0,13.63,low,8613,0.7003622677376757,0.9634502517713758,-0.08758819305679832,-0.04523800545409118,-0.33046620033781604,0.08281404553679189
18,118,25,F,180,82,outdoor,no,0,13.63,low,8646,-0.7477916296388895,-0.9002202156374596,-0.5106386799693929,0.185292033193006,0.07232030562378043,-0.09902148012567455
18,118,25,F,180,82,outdoor,no,0,13.63,low,8679,0.6601425569036184,0.642646574695114,0.21613429891990346,-0.21522729081679356,0.27254808309795375,0.08798612311432305
18,118,25,F,180,82,outdoor,no,0,13.63,low,8712,-0.6947203972113236,-0.6329911591049784,0.4616569654478943,0.0631299555683305,-0.18925281552725598,-0.09752773736514547
18,118,25,F,180,82,outdoor,no,0,13.63,low,8745,0.8816463855730271,0.36037928811298137,-0.23678718578814345,0.0740623570080199,-0.2819144282185825,0.1012764351522017
18,118,25,F,180,82,outdoor,no,0,13.63,low,8778,-0.8674220129541702,-0.22937855853994832,-0.3191846740857911,-0.17822941171286769,0.1727606017804632,-0.0964394814393729
18,118,25,F,180,82,outdoor,no,0,13.63,low,8811,0.8609857688517631,0.1632153890792438,0.282363466684096,0.16431389972419946,0.1506039870065527,0.08752283610490288
18,118,25,F,180,82,outdoor,no,0,13.63,low,8844,-1.094382601691462,0.0824181175589849,0.35357281453403466,-0.06549673829826178,-0.22372210790976385,-0.07545976498033755
18,118,25,F,180,82,outdoor,no,0,13.63,low,8877,1.0398491159906327,-0.2859697912021875,-0.353979445434486,-0.11137776035482139,-0.22932841050960734,0.08668904775642537
18,118,25,F,180,82,outdoor,no,0,13.63,low,8910,-1.0802016622983972,0.3638174923118572,-0.2516052515804977,0.2032529304761133,0.2820439472398926,-0.06480356609381423
18,118,25,F,180,82,outdoor,no,0,13.63,low,8943,0.7480327874506598,-0.578821693973218,0.41669841736249924,-0.1455087804910731,0.13423698263610562,0.07201672263039002
18,118,25,F,180,82,outdoor,no,0,13.63,low,8976,-0.7916458919742985,0.7717639287664249,0.2357032120289145,-0.021754175178828262,-0.24827556442349275,-0.040792114146815196
18,118,25,F,180,82,outdoor,no,0,13.63,low,9009,0.8039147875029369,-0.8329776249294042,-0.4673724926127599,0.1593578557320219,-0.0965014438759508,0.02545878194498978
18,118,25,F,180,82,outdoor,no,0,13.63,low,9042,-0.5102039822071618,0.7899814183717836,-0.10566181544335312,-0.20143580278316173,0.2638607245926531,-0.014359295497911944
18,118,25,F,180,82,outdoor,no,0,13.63,low,9075,0.3871868994297055,-0.9071698059218928,0.48506148826265,0.1173022128653995,0.07313572736193584,-0.008654917955109198
18,118,25,F,180,82,outdoor,no,0,13.63,low,9108,-0.2424271997122622,0.8637696408867831,0.06208250620036142,0.0112981684001493,-0.2464253672302097,0.0217357413662792
18,118,25,F,180,82,outdoor,no,0,13.63,low,9141,-0.07071436660295818,-0.9312898299851807,-0.48578042393086435,-0.19432202718397812,-0.014023663283662438,-0.05872883567508766
18,118,25,F,180,82,outdoor,no,0,13.63,low,9174,-0.0030663436618832904,1.1098993460495226,-0.01122304983346955,0.2744361099044334,0.2892356885889209,0.04849746148548507
18,118,25,F,180,82,outdoor,no,0,13.63,low,9207,-0.1676452770582633,-1.0656467939242633,0.4591968724713914,-0.11248036542819079,-0.020524023050546823,-0.0791304876121144
18,118,25,F,180,82,outdoor,no,0,13.63,low,9240,0.38696572570320514,0.8638202491431098,-0.15872299690803005,-0.11410932011350326,-0.28030650631799603,0.05939664648443621
18,118,25,F,180,82,outdoor,no,0,13.63,low,9273,-0.4445101757588639,-0.7433223351661818,-0.48928061064146955,0.17867583599749148,0.06750955774251913,-0.08726174090319348
18,118,25,F,180,82,outdoor,no,0,13.63,low,9306,0.7055860355919977,0.7866240329902308,0.1320162351351823,-0.18297793129336165,0.19526430646194554,0.09980281110562177
18,118,25,F,180,82,outdoor,no,0,13.63,low,9339,-0.7266350662859672,-0.6842908716395989,0.4410122769315598,0.036688948528315,-0.15001366804113822,-0.10771713869896005
18,118,25,F,180,82,outdoor,no,0,13.63,low,9372,0.5929688689012018,0.45954701544984955,-0.1789797573746187,0.08859014210338538,-0.3020183040429335,0.09712776339358153
18,118,25,F,180,82,outdoor,no,0,13.63,low,9405,-0.8846663762498425,-0.4327666444208897,-0.4309433901611196,-0.19891417345644527,0.16417828755583874,-0.09216249755728372
18,118,25,F,180,82,outdoor,no,0,13.63,low,9438,0.9205945976443928,0.2313938288692088,0.36988170008282273,0.16707845407366118,0.27208403368294887,0.08982123125435929
18,118,25,F,180,82,outdoor,no,0,13.63,low,9471,-1.03459520740458,-0.0261127096060286,0.3884043739270906,-0.046762452795067036,-0.18772883821085506,-0.08649029322208972
18,118,25,F,180,82,outdoor,no,0,13.63,low,9504,0.9604665294480105,-0.06844235119255883,-0.3794849689448009,-0.1424221475753746,-0.21970971054408903,0.07246918349558308
18,118,25,F,180,82,outdoor,no,0,13.63,low,9537,-0.945251514043452,0.13367784286867834,-0.3623107988092518,0.19996476390789872,0.2426204049931451,-0.05648893381890892
18,118,25,F,180,82,outdoor,no,0,13.63,low,9570,0.779801374228058,-0.42787694044863034,0.408996525720996,-0.1397497519066546,0.16703145494471247,0.048091499802577056
18,118,25,F,180,82,outdoor,no,0,13.63,low,9603,-1.0275244163315054,0.40528283618297967,0.225598090805834,-0.03187395672538405,-0.24566731150496393,-0.035848784115979165
18,118,25,F,180,82,outdoor,no,0,13.63,low,9636,0.639839374360094,-0.6588776495967419,-0.39433505691838183,0.1389120222589892,-0.10899449565328674,0.011226170137779944
18,118,25,F,180,82,outdoor,no,0,13.63,low,9669,-0.5602873109033607,0.9834302273425275,-0.07548039050660096,-0.16205679457888778,0.32033250591524626,-0.00725873458730046
18,118,25,F,180,82,outdoor,no,0,13.63,low,9702,0.48078454023606776,-0.603705003758599,0.5326296921529042,0.05881735136151585,0.07759297113974194,-0.012203274281198717
18,118,25,F,180,82,outdoor,no,0,13.63,low,9735,-0.3330795527494932,0.9562145362205462,0.060761721941757864,0.07493260280078348,-0.34814085384513466,0.040359203774550975
18,118,25,F,180,82,outdoor,no,0,13.63,low,9768,0.2811434783849878,-1.1377198941640896,-0.49380102639678813,-0.20173998008644956,-0.0749681450131123,-0.05026373811759164
18,118,25,F,180,82,outdoor,no,0,13.63,low,9801,-0.03715518963513767,1.0896518458039426,-0.03056248346378073,0.1914170998649446,0.300301228979374,0.07361218122934386
18,118,25,F,180,82,outdoor,no,0,13.63,low,9834,-0.02873985758338487,-0.9299547762835889,0.47011831870582316,-0.07098423834548574,-0.020287370204790857,-0.07626870069412733
18,118,25,F,180,82,outdoor,no,0,13.63,low,9867,0.18538467049828436,1.2400645068299136,-0.06438116758109654,-0.10964761249872726,-0.27618045077694287,0.08952255919820964
